<publishData><publishProfile profileName="RxMedWeb - Web Deploy" publishMethod="MSDeploy" publishUrl="rxmedweb.scm.azurewebsites.net:443" msdeploySite="RxMedWeb" userName="$RxMedWeb" userPWD="J2MGTiexZXfmgq2vB2Koi3mFtyLbruEZGz9gmkXudPXreuY7N6X39wQHPjuc" destinationAppUrl="http://rxmedweb.azurewebsites.net" SQLServerDBConnectionString="" mySQLDBConnectionString="" hostingProviderForumLink="" controlPanelLink="http://windows.azure.com" webSystem="WebSites"><databases /></publishProfile><publishProfile profileName="RxMedWeb - FTP" publishMethod="FTP" publishUrl="ftp://waws-prod-blu-055.ftp.azurewebsites.windows.net/site/wwwroot" ftpPassiveMode="True" userName="RxMedWeb\$RxMedWeb" userPWD="J2MGTiexZXfmgq2vB2Koi3mFtyLbruEZGz9gmkXudPXreuY7N6X39wQHPjuc" destinationAppUrl="http://rxmedweb.azurewebsites.net" SQLServerDBConnectionString="" mySQLDBConnectionString="" hostingProviderForumLink="" controlPanelLink="http://windows.azure.com" webSystem="WebSites"><databases /></publishProfile><publishProfile profileName="RxMedWeb - ReadOnly - FTP" publishMethod="FTP" publishUrl="ftp://waws-prod-blu-055dr.ftp.azurewebsites.windows.net/site/wwwroot" ftpPassiveMode="True" userName="RxMedWeb\$RxMedWeb" userPWD="J2MGTiexZXfmgq2vB2Koi3mFtyLbruEZGz9gmkXudPXreuY7N6X39wQHPjuc" destinationAppUrl="http://rxmedweb.azurewebsites.net" SQLServerDBConnectionString="" mySQLDBConnectionString="" hostingProviderForumLink="" controlPanelLink="http://windows.azure.com" webSystem="WebSites"><databases /></publishProfile></publishData>